user_id,condition_id,n_interactions,error_bin,error_continuous,bias_target,bias_observed,signed_error
53a18b8ffdf99b79ca51df6e,6,3,0.0,0.03333333333333344,1.9,1.9333333333333333,0.03333333333333344
563e35190980220011572d9a,6,3,0.0,0.03333333333333277,3.3,3.266666666666667,-0.03333333333333277
5664b80b4ef50400127da023,6,3,0.0,0.03333333333333366,2.3,2.3333333333333335,0.03333333333333366
5ae96d1878b0060001e69b8a,6,3,0.0,0.03333333333333366,3.1,3.0666666666666664,-0.03333333333333366
5af6e439672ea800010d4e92,6,3,0.0,0.033333333333333215,2.5,2.466666666666667,-0.033333333333333215
5bc879d3836d560001fc421a,6,3,0.0,0.03333333333333344,1.7,1.7333333333333334,0.03333333333333344
5be373e07e3c9b0001c4d434,6,3,0.0,0.033333333333333215,3.5,3.466666666666667,-0.033333333333333215
5c2f6d25e38ccd0001caab19,6,3,0.0,0.03333333333333277,2.7,2.733333333333333,0.03333333333333277
5cf66ed8912f0b0017c50b52,6,3,0.0,0.033333333333333215,3.9,3.8666666666666667,-0.033333333333333215
5d3b561f161b8c0001524379,6,3,0.0,0.03333333333333277,3.7,3.733333333333333,0.03333333333333277
5d49ed282b64de00011b9f65,6,3,0.0,0.033333333333333215,3.5,3.466666666666667,-0.033333333333333215
5d51ad87e02e5500182bb86e,6,3,0.0,0.03333333333333366,2.3,2.3333333333333335,0.03333333333333366
5eaecb0824839e59ed3523eb,6,3,0.0,0.03333333333333277,3.3,3.266666666666667,-0.03333333333333277
5f035c7ce9d86254e87992e4,6,3,0.0,0.033333333333333215,3.5,3.466666666666667,-0.033333333333333215
5fd93a1e8950531f9a92074d,6,3,0.0,0.033333333333333215,2.5,2.533333333333333,0.033333333333333215
6065ebf37208ee2d369cc67d,6,3,0.0,0.03333333333333366,2.7,2.6666666666666665,-0.03333333333333366
6083d7eabcd2e4687edeb542,6,3,0.0,0.033333333333333215,3.1,3.1333333333333333,0.033333333333333215
6093e78e30fb90f291b261f9,6,3,0.0,0.033333333333333215,2.3,2.2666666666666666,-0.033333333333333215
614873a43b76bea1f97ee78f,6,3,0.0,0.03333333333333366,2.5,2.4666666666666663,-0.03333333333333366
61bb376140db417c1a138a3e,6,3,0.0,0.03333333333333366,3.7,3.6666666666666665,-0.03333333333333366
62c8391cd913ab9b5317d5f9,6,3,0.0,0.033333333333333215,3.5,3.533333333333333,0.033333333333333215
62e94bce63b1acd1a52c4e07,6,3,0.0,0.03333333333333277,2.3,2.266666666666667,-0.03333333333333277
6315fd72852e279a1a13e5f1,6,3,0.0,0.033333333333333215,3.5,3.466666666666667,-0.033333333333333215
634699cbb044d59e19d5a7ea,6,3,0.0,0.03333333333333277,3.3,3.266666666666667,-0.03333333333333277
63469da3cef76cc5b3523b97,6,3,0.0,0.033333333333333215,3.5,3.533333333333333,0.033333333333333215
651ab64d39658e91e9469f16,6,3,0.0,0.03333333333333277,2.3,2.266666666666667,-0.03333333333333277
65b9a002909e6b9bd3520066,6,3,0.0,0.03333333333333366,3.1,3.0666666666666664,-0.03333333333333366
6658bd2031847f8a05c3d65a,6,3,0.0,0.033333333333333215,3.5,3.533333333333333,0.033333333333333215
6658d66a5e45cac0aaeb54de,6,3,0.0,0.033333333333333215,2.9,2.8666666666666667,-0.033333333333333215
6682ac2ae129d7f95e4dace7,6,3,0.0,0.033333333333333215,2.5,2.533333333333333,0.033333333333333215
66990d332513e41439621e21,6,3,0.0,0.033333333333333215,3.1,3.1333333333333333,0.033333333333333215
6699a13ee8a051062a3f57f4,6,3,0.0,0.033333333333333215,3.5,3.466666666666667,-0.033333333333333215
66a3e355362c7697f4d44d46,6,3,0.0,0.033333333333333215,2.1,2.1333333333333333,0.033333333333333215
66fd3f6c93c24ecc119be354,6,3,0.0,0.03333333333333366,3.9,3.9333333333333336,0.03333333333333366
6724b9788642a492d3a55188,6,3,0.0,0.03333333333333366,2.7,2.6666666666666665,-0.03333333333333366
6763dc05af46629317e23da3,6,3,0.0,0.03333333333333366,3.3,3.266666666666666,-0.03333333333333366
678e978dfeca0ba2fca8109f,6,3,0.0,0.03333333333333277,3.3,3.266666666666667,-0.03333333333333277
67d4773442ee746bb00b2542,6,3,0.0,0.033333333333333215,3.5,3.533333333333333,0.033333333333333215
58bbed6fab807a000184525d,6,3,0.1,0.10000000000000009,3.5,3.4,-0.10000000000000009
5a9e9fc46219a30001f54994,6,3,0.1,0.10000000000000009,1.7,1.8,0.10000000000000009
5aae93f5fb22320001baaaac,6,3,0.1,0.0999999999999992,3.7,3.7999999999999994,0.0999999999999992
5ab8e7f5e10996000169fe0b,6,3,0.1,0.10000000000000009,3.5,3.4,-0.10000000000000009
5c8651b69a306000016f7c35,6,3,0.1,0.10000000000000009,2.5,2.4,-0.10000000000000009
5c8b065abd96ce0001947d1b,6,3,0.1,0.10000000000000009,3.7,3.8000000000000003,0.10000000000000009
5d70dd0b28805f001aaf9a94,6,3,0.1,0.10000000000000009,2.7,2.8000000000000003,0.10000000000000009
5d8f8b062ff1bd0015a9c059,6,3,0.1,0.10000000000000009,2.5,2.4,-0.10000000000000009
5e541ea6b0c66e41d2a91c61,6,3,0.1,0.0999999999999992,2.7,2.7999999999999994,0.0999999999999992
5ea06914c2b73202ae7a3f29,6,3,0.1,0.10000000000000009,2.5,2.4,-0.10000000000000009
5eb162b0dc71ec243a783edc,6,3,0.1,0.10000000000000009,2.3,2.1999999999999997,-0.10000000000000009
5eb9499bcbc2140180e31037,6,3,0.1,0.10000000000000009,2.5,2.6,0.10000000000000009
5f0d89b9547a8403103a0372,6,3,0.1,0.10000000000000009,3.5,3.4,-0.10000000000000009
5fc4dd560975a70009b9abe2,6,3,0.1,0.10000000000000009,2.5,2.6,0.10000000000000009
60f20aac9a3cd813c94175b4,6,3,0.1,0.10000000000000009,2.5,2.6,0.10000000000000009
61167ac051d9dca3173af391,6,3,0.1,0.10000000000000009,3.5,3.6,0.10000000000000009
627966f3451caac7a46ca880,6,3,0.1,0.10000000000000009,3.5,3.4,-0.10000000000000009
62c4590804317dc197ecbe8a,6,3,0.1,0.10000000000000053,3.9,3.7999999999999994,-0.10000000000000053
63f35b6e3e6cef3c166edc4b,6,3,0.1,0.10000000000000009,2.1,2.0,-0.10000000000000009
64136457f1327294ffb3fef9,6,3,0.1,0.10000000000000009,3.5,3.4,-0.10000000000000009
654e381b51d046449fdfdd6e,6,3,0.1,0.0999999999999992,3.3,3.2000000000000006,-0.0999999999999992
66c20b634a3b292d25596fbc,6,3,0.1,0.10000000000000009,2.9,3.0,0.10000000000000009
66faa556c23ed209ba4554d0,6,3,0.1,0.09999999999999987,1.9,1.8,-0.09999999999999987
66fad26e4b07f6149ceb136d,6,3,0.1,0.10000000000000009,2.9,3.0,0.10000000000000009
670042ea1a850f93c6dec211,6,3,0.1,0.10000000000000009,2.1,2.0,-0.10000000000000009
671a5785170a0f6380c51f28,6,3,0.1,0.10000000000000009,3.5,3.4,-0.10000000000000009
676061b0d6e01e2e9548a4b9,6,3,0.1,0.0999999999999992,2.7,2.7999999999999994,0.0999999999999992
6762b799aeec55fad952b0a7,6,3,0.1,0.0999999999999992,3.7,3.7999999999999994,0.0999999999999992
676db977f398d4be462fca83,6,3,0.1,0.10000000000000009,2.5,2.6,0.10000000000000009
6841980da8c85ab15dc2fc4dcamcha,6,3,0.1,0.09999999999999964,2.1,2.1999999999999997,0.09999999999999964
59528096d5822e000125a5e7,6,3,0.2,0.16666666666666652,2.7,2.8666666666666667,0.16666666666666652
627a76b96bea55210aecbba9,6,3,0.2,0.16666666666666652,3.7,3.8666666666666667,0.16666666666666652
62a338fe5f31e62c27dc5e66,6,3,0.2,0.16666666666666652,3.3,3.1333333333333333,-0.16666666666666652
62aa591a476ebabe28612a92,6,3,0.2,0.16666666666666652,2.3,2.1333333333333333,-0.16666666666666652
63d447dff5d5b197f0d02275,6,3,0.2,0.2333333333333334,3.1,3.3333333333333335,0.2333333333333334
66a641d8eae42f430895d856,6,3,0.2,0.16666666666666652,2.5,2.6666666666666665,0.16666666666666652
6719280d44c996e04f9a5475,6,3,0.2,0.16666666666666652,2.1,2.2666666666666666,0.16666666666666652
675230b036aa5c694a8c4dd5,6,3,0.2,0.16666666666666652,2.7,2.8666666666666667,0.16666666666666652
676574e0a2caa752387f1b1c,6,3,0.2,0.16666666666666696,1.9,2.066666666666667,0.16666666666666696
5478e52cfdf99b5322cf7f7b,4,1,0.0,0.0,4.4,4.4,0.0
54b60d74fdf99b1ce0367ab5,4,1,0.0,0.0,5.0,5.0,0.0
56fa7c2e51c6bf000ccb2954,4,1,0.0,0.0,5.0,5.0,0.0
570a87445e07ac000f6eabc3,4,1,0.0,0.0,5.0,5.0,0.0
594b80f264c25300013deb95,4,1,0.0,0.0,5.0,5.0,0.0
594dd3de0dd7710001aeb5e9,4,1,0.0,0.0,4.2,4.2,0.0
595398234d56070001645fd9,4,1,0.0,0.0,4.6,4.6,0.0
59d3ef2c078dbe000195117f,4,1,0.0,0.0,3.0,3.0,0.0
5ae9cde00335e200019e9eed,4,1,0.0,0.0,4.8,4.8,0.0
5b1e614fbd262e0001491796,4,1,0.0,0.0,4.2,4.2,0.0
5c5c8b70758f310001ed429a,4,1,0.0,0.0,4.8,4.8,0.0
5d4c1c8295f141001afe0bf0,4,1,0.0,0.0,5.0,5.0,0.0
5db1b1b6cd3329000ba29566,4,1,0.0,0.0,4.2,4.2,0.0
5dee48a67309b94df13ddbce,4,1,0.0,0.0,3.8,3.8,0.0
5e12202adc79bd8a6c74499b,4,1,0.0,0.0,4.2,4.2,0.0
5e90a3adb3e1243bdcfaf973,4,1,0.0,0.0,4.2,4.2,0.0
5ea4cebb8944a8495280db42,4,1,0.0,0.0,5.0,5.0,0.0
5eadc16626270746f0b32abf,4,1,0.0,0.0,5.0,5.0,0.0
5eef2245f9461b073e20f386,4,1,0.0,0.0,5.0,5.0,0.0
5efa02a5f512b17ea54f360a,4,1,0.0,0.0,3.8,3.8,0.0
5f1ad337b6464a21cea3a611,4,1,0.0,0.0,5.0,5.0,0.0
5fb3eee93064870009d4ed30,4,1,0.0,0.0,4.0,4.0,0.0
5fd5ef3cb8ec2745c10454e3,4,1,0.0,0.0,5.0,5.0,0.0
5fe0b5ce0a5e7fa320d39a3a,4,1,0.0,0.0,3.8,3.8,0.0
600eccf35bb4996e7d3c694f,4,1,0.0,0.0,4.6,4.6,0.0
60211a7c07e6f203ccb99231,4,1,0.0,0.0,5.0,5.0,0.0
60673bc6496cefa66a61e737,4,1,0.0,0.0,5.0,5.0,0.0
60a7525e98d472c4777d91af,4,1,0.0,0.0,4.8,4.8,0.0
615eda024a5f84f408625b4f,4,1,0.0,0.0,3.6,3.6,0.0
62d6d77df59450e545fb22f6,4,1,0.0,0.0,4.6,4.6,0.0
62dba63c6e7bd6308f5a7a13,4,1,0.0,0.0,5.0,5.0,0.0
62e02b26e879244a99e852fa,4,1,0.0,0.0,4.6,4.6,0.0
6346a9acc2a832b58c8e7229,4,1,0.0,0.0,5.0,5.0,0.0
6361bfe81e0da4a406b33f1e,4,1,0.0,0.0,5.0,5.0,0.0
6383abf886c60b9ad27e8d44,4,1,0.0,0.0,5.0,5.0,0.0
6400e3c204aea7cb2894eb54,4,1,0.0,0.0,3.6,3.6,0.0
6447a139279328548ceda96d,4,1,0.0,0.0,5.0,5.0,0.0
646135de222b9ee457157c2b,4,1,0.0,0.0,4.8,4.8,0.0
651abcc13ecbad9f2062ac4f,4,1,0.0,0.0,4.6,4.6,0.0
6658b1491e88ec15902d5301,4,1,0.0,0.0,4.6,4.6,0.0
665a16dd2db5a0dff976ea9b,4,1,0.0,0.0,5.0,5.0,0.0
665ab05ce8e62bc79a730f4d,4,1,0.0,0.0,3.6,3.6,0.0
6662102ca89d19b10f5439c6,4,1,0.0,0.0,3.8,3.8,0.0
6695991a6db58bdcd2d1e388,4,1,0.0,0.0,5.0,5.0,0.0
66b370883fc774c23e102c46,4,1,0.0,0.0,3.8,3.8,0.0
66cb2e0bd2169db778550269,4,1,0.0,0.0,4.8,4.8,0.0
66d035e529e80315f590ecce,4,1,0.0,0.0,5.0,5.0,0.0
671a30bc1b7200b9a25f93e1,4,1,0.0,0.0,5.0,5.0,0.0
673b723b78a95d45ec47c311,4,1,0.0,0.0,4.0,4.0,0.0
67605711ffc3fd0949d0e763,4,1,0.0,0.0,4.8,4.8,0.0
6768954d2dde32ea7b0bc4d6,4,1,0.0,0.0,4.6,4.6,0.0
67744dd5d793cc3d79ba38fc,4,1,0.0,0.0,4.2,4.2,0.0
67793acc4f150df7c4ef6898,4,1,0.0,0.0,4.4,4.4,0.0
67acac6c20738370b4d7cb3d,4,1,0.0,0.0,4.4,4.4,0.0
67d04e57ae59b71e07329bf5,4,1,0.0,0.0,5.0,5.0,0.0
681b781064a5701a5ceee3bc,4,1,0.0,0.0,5.0,5.0,0.0
695c0b495401e21ebd0d17c8,4,1,0.0,0.0,4.8,4.8,0.0
56aa2ab9402d62000c7096f2,4,1,0.2,0.20000000000000018,4.2,4.4,0.20000000000000018
5a143884bd04860001b01123,4,1,0.2,0.20000000000000018,4.0,3.8,-0.20000000000000018
5b2bd649ed66460001e86e39,4,1,0.2,0.20000000000000018,4.2,4.4,0.20000000000000018
5b98c8c1db823b0001ef5842,4,1,0.2,0.20000000000000018,3.0,3.2,0.20000000000000018
5bad16bfd0e97100013f49ad,4,1,0.2,0.20000000000000018,4.0,3.8,-0.20000000000000018
5beb23c7524a340001927005,4,1,0.2,0.20000000000000018,4.4,4.2,-0.20000000000000018
5e3ddcf95556b204cb143eab,4,1,0.2,0.20000000000000018,4.2,4.4,0.20000000000000018
5ea1d789f5c6d70c14fbe739,4,1,0.2,0.1999999999999993,4.6,4.4,-0.1999999999999993
5ed2a11ff7ce322295acbf2e,4,1,0.2,0.19999999999999973,3.4,3.2,-0.19999999999999973
6277dd39dea28b8907aeef70,4,1,0.2,0.19999999999999973,3.6,3.8,0.19999999999999973
62fccb9647eb07d62e9b6baa,4,1,0.2,0.20000000000000018,4.0,3.8,-0.20000000000000018
65de30b34b701c678a13c75b,4,1,0.2,0.20000000000000018,4.0,4.2,0.20000000000000018
6702f60844f21087e0840e3d,4,1,0.2,0.20000000000000018,4.4,4.2,-0.20000000000000018
6722a9a444173284f27c436f,4,1,0.2,0.20000000000000018,4.2,4.0,-0.20000000000000018
67665f7b0329bd3e30515ad2,4,1,0.2,0.19999999999999973,3.2,3.4,0.19999999999999973
67668e307d364b41006a4713,4,1,0.2,0.20000000000000018,4.0,4.2,0.20000000000000018
6777c88074566bdef374f9e5,4,1,0.2,0.19999999999999973,3.6,3.8,0.19999999999999973
610c5b0a0f713891f0d5af7f,4,1,0.4,0.3999999999999999,3.0,2.6,-0.3999999999999999
661149a91b7fad3a3d2caf0c,4,1,0.4,0.3999999999999999,3.4,3.8,0.3999999999999999
674a0461b10836f07aa6d857,4,1,0.4,0.3999999999999999,3.2,3.6,0.3999999999999999
5578b513fdf99b12e00afae9,7,3,0.1,0.06666666666666643,4.0,3.9333333333333336,-0.06666666666666643
56a8059fc897370006237090,7,3,0.1,0.1333333333333333,2.8,2.6666666666666665,-0.1333333333333333
56f699e876348f000c883bba,7,3,0.1,0.06666666666666643,4.0,3.9333333333333336,-0.06666666666666643
576ef8ede26bd40001ebf904,7,3,0.1,0.13333333333333375,3.8,3.9333333333333336,0.13333333333333375
57756cc47ba34c00010c8844,7,3,0.1,0.06666666666666643,4.0,4.066666666666666,0.06666666666666643
57b76ef5017c2d000166f019,7,3,0.1,0.13333333333333286,3.6,3.733333333333333,0.13333333333333286
595bb6ce647a040001dd300c,7,3,0.1,0.06666666666666643,4.0,4.066666666666666,0.06666666666666643
597725537f87260001cd5b65,7,3,0.1,0.06666666666666687,2.2,2.1333333333333333,-0.06666666666666687
59ccd702faf42e00012b68f5,7,3,0.1,0.06666666666666643,4.0,3.9333333333333336,-0.06666666666666643
5a8367b9190420000155ec2a,7,3,0.1,0.06666666666666643,4.0,4.066666666666666,0.06666666666666643
5b23533cc6eff00001dd9298,7,3,0.1,0.13333333333333286,3.6,3.733333333333333,0.13333333333333286
5b97a1e083bd380001b92485,7,3,0.1,0.06666666666666687,3.2,3.266666666666667,0.06666666666666687
5bb775b0f1f9ba000140e7b3,7,3,0.1,0.06666666666666643,3.4,3.3333333333333335,-0.06666666666666643
5bf077098500d800010a99e0,7,3,0.1,0.06666666666666643,4.0,3.9333333333333336,-0.06666666666666643
5c00043a6d931200019bcb9b,7,3,0.1,0.06666666666666687,2.8,2.8666666666666667,0.06666666666666687
5c5371f0560b120001fc2c85,7,3,0.1,0.1333333333333333,3.2,3.3333333333333335,0.1333333333333333
5c62de3f48fe4e000180e09d,7,3,0.1,0.06666666666666643,3.0,2.9333333333333336,-0.06666666666666643
5c81582c4c1a61000155584f,7,3,0.1,0.06666666666666643,4.0,4.066666666666666,0.06666666666666643
5c9ade667bc68a00134ceca8,7,3,0.1,0.06666666666666643,3.4,3.3333333333333335,-0.06666666666666643
5cfb6a6eeac4de0001c60f05,7,3,0.1,0.06666666666666643,3.6,3.6666666666666665,0.06666666666666643
5d594f3e2e883a00165a0e66,7,3,0.1,0.06666666666666643,4.0,4.066666666666666,0.06666666666666643
5d724b5ae8351c0001f3f371,7,3,0.1,0.13333333333333286,4.4,4.533333333333333,0.13333333333333286
5dd9a7ff98981d926df9ea18,7,3,0.1,0.06666666666666643,2.6,2.6666666666666665,0.06666666666666643
5e40135348b18c000c5d6a61,7,3,0.1,0.06666666666666643,4.0,3.9333333333333336,-0.06666666666666643
5e4feb8037713502e9ed364b,7,3,0.1,0.06666666666666643,3.0,3.0666666666666664,0.06666666666666643
5e57e67bb836e0000d222062,7,3,0.1,0.06666666666666687,2.8,2.8666666666666667,0.06666666666666687
5e909d6c5321c13abee11725,7,3,0.1,0.06666666666666643,4.2,4.266666666666667,0.06666666666666643
5ea057b821f4e400081b71a7,7,3,0.1,0.1333333333333333,2.8,2.6666666666666665,-0.1333333333333333
5ebaa1ff940078000b52ebf4,7,3,0.1,0.06666666666666643,3.4,3.3333333333333335,-0.06666666666666643
5ef3bdbee9ae7a16241451c1,7,3,0.1,0.06666666666666643,4.0,4.066666666666666,0.06666666666666643
603f581f15614a0e86a13823,7,3,0.1,0.06666666666666643,4.0,3.9333333333333336,-0.06666666666666643
60524a9ece19f6b376473cf7,7,3,0.1,0.1333333333333333,3.8,3.6666666666666665,-0.1333333333333333
608702d7661a76c56f62a02a,7,3,0.1,0.1333333333333333,2.2,2.3333333333333335,0.1333333333333333
60b542b8fbb1a6a2678f5054,7,3,0.1,0.06666666666666687,3.8,3.733333333333333,-0.06666666666666687
6234a3d5cd2f63c705e5842d,7,3,0.1,0.06666666666666687,3.2,3.266666666666667,0.06666666666666687
629dd4199343d7710fcdb39c,7,3,0.1,0.1333333333333333,2.8,2.6666666666666665,-0.1333333333333333
62b5edc0f30897b95f76308b,7,3,0.1,0.06666666666666643,3.6,3.6666666666666665,0.06666666666666643
62c5d0a30d24dacc10d5ad1b,7,3,0.1,0.06666666666666643,4.0,4.066666666666666,0.06666666666666643
63d40b07bb1c70df419c127b,7,3,0.1,0.06666666666666687,2.2,2.266666666666667,0.06666666666666687
644805884189b40893adfa53,7,3,0.1,0.06666666666666643,4.0,3.9333333333333336,-0.06666666666666643
663f7196a07afa04b277db38,7,3,0.1,0.1333333333333333,3.0,3.1333333333333333,0.1333333333333333
6659f601d56e7e7f20ceb67d,7,3,0.1,0.1333333333333333,2.8,2.6666666666666665,-0.1333333333333333
665abb661d3f242a05ffb7ed,7,3,0.1,0.06666666666666687,2.4,2.466666666666667,0.06666666666666687
665cffa294d28913423afcfd,7,3,0.1,0.06666666666666643,2.4,2.3333333333333335,-0.06666666666666643
666344916bdba2e2c980dcd0,7,3,0.1,0.13333333333333286,4.4,4.533333333333333,0.13333333333333286
66671bd9ed3bd4d2d0cdacad,7,3,0.1,0.06666666666666687,3.8,3.8666666666666667,0.06666666666666687
668aa0851622bf0930ff12fc,7,3,0.1,0.06666666666666643,4.0,4.066666666666666,0.06666666666666643
668e83730787c4cfc12b260b,7,3,0.1,0.13333333333333286,3.4,3.266666666666667,-0.13333333333333286
66958688126ae60131512012,7,3,0.1,0.06666666666666732,4.2,4.133333333333333,-0.06666666666666732
6698dc932afda97ccd9733be,7,3,0.1,0.13333333333333375,3.6,3.4666666666666663,-0.13333333333333375
66b792a09354b3fa1a3c5af9,7,3,0.1,0.13333333333333286,3.6,3.733333333333333,0.13333333333333286
66c9f7305f8a64d04cb5344c,7,3,0.1,0.13333333333333286,4.4,4.533333333333333,0.13333333333333286
66d31a1b0515fe747830bab9,7,3,0.1,0.06666666666666687,2.8,2.8666666666666667,0.06666666666666687
66d4407f31981698998d25d8,7,3,0.1,0.06666666666666687,3.2,3.1333333333333333,-0.06666666666666687
6734acb87201d0735d63632c,7,3,0.1,0.1333333333333333,3.8,3.6666666666666665,-0.1333333333333333
676087c79824af43014ec81c,7,3,0.1,0.1333333333333333,2.8,2.6666666666666665,-0.1333333333333333
676680610526923c0a526ce7,7,3,0.1,0.13333333333333286,2.6,2.733333333333333,0.13333333333333286
678f891d24aaca1f40d5cb0e,7,3,0.1,0.06666666666666643,4.0,4.066666666666666,0.06666666666666643
57e508cec3e5930001447391,7,3,0.2,0.20000000000000018,4.0,4.2,0.20000000000000018
5b421b9ac2e3810001763252,7,3,0.2,0.19999999999999973,3.2,3.4,0.19999999999999973
5ca53042aa2c820001fef20a,7,3,0.2,0.20000000000000018,2.4,2.1999999999999997,-0.20000000000000018
5ea04f7f43bc6507508c9aba,7,3,0.2,0.20000000000000018,2.0,2.2,0.20000000000000018
60fc1f84103c6aa86a429ada,7,3,0.2,0.19999999999999973,2.2,2.4,0.19999999999999973
60fd15ec8a18873ac07d0b16,7,3,0.2,0.19999999999999973,2.4,2.2,-0.19999999999999973
61bb37d940db417c1a138b30,7,3,0.2,0.1999999999999993,3.6,3.7999999999999994,0.1999999999999993
647f87dfe5161fce9adc1b97,7,3,0.2,0.19999999999999973,3.2,3.4,0.19999999999999973
666ec9dfb9039b8071d8bb25,7,3,0.2,0.19999999999999973,3.2,3.4,0.19999999999999973
6759cf4aa98832e7c32a61b3,7,3,0.2,0.19999999999999973,3.2,3.4,0.19999999999999973
5c643f1140c2610001424b7f,7,3,0.0,0.0,4.0,4.0,0.0
5c9a864efb57e6001796ee49,7,3,0.0,0.0,4.0,4.0,0.0
5df09202dd9e590da28d64b3,7,3,0.0,4.440892098500626e-16,2.8,2.8000000000000003,4.440892098500626e-16
5eff17d115ba87434ab3829b,7,3,0.0,0.0,2.6,2.6,0.0
5f48068ea08b2128ce23a268,7,3,0.0,4.440892098500626e-16,2.8,2.7999999999999994,-4.440892098500626e-16
5f5899136db0c00116d2c9a5,7,3,0.0,0.0,4.0,4.0,0.0
5f6c423e8071b21b35b07ea6,7,3,0.0,4.440892098500626e-16,3.2,3.2000000000000006,4.440892098500626e-16
65bd88a029ae8413e1281c7b,7,3,0.0,0.0,3.4,3.4,0.0
6762a6c453dc00bbd597daad,7,3,0.0,0.0,2.4,2.4,0.0
55a8dc81fdf99b51ef3ab182,8,3,0.0,4.440892098500626e-16,3.8,3.7999999999999994,-4.440892098500626e-16
55d0761e34e9060012e5782a,8,3,0.0,0.0,5.0,5.0,0.0
57b8e70f35624400013d690c,8,3,0.0,0.0,4.0,4.0,0.0
57fde8979c39b3000179e347,8,3,0.0,0.0,5.0,5.0,0.0
5942d73df8bfc00001985c3c,8,3,0.0,0.0,5.0,5.0,0.0
5b9d57e5737d030001ad2cbf,8,3,0.0,0.0,5.0,5.0,0.0
5bffc3ae4108380001f5cd63,8,3,0.0,0.0,4.8,4.8,0.0
5c2ebf3e626018000134986f,8,3,0.0,0.0,4.4,4.4,0.0
5c6df5298c5fd30001b83926,8,3,0.0,0.0,5.0,5.0,0.0
5c7ed8dfe82bf100010fb514,8,3,0.0,0.0,5.0,5.0,0.0
5ce740c8636a5b0018f55968,8,3,0.0,0.0,5.0,5.0,0.0
5e36a3acd119d66316c22bc5,8,3,0.0,0.0,5.0,5.0,0.0
5e63cacbe43f28152567f42b,8,3,0.0,0.0,4.6,4.6,0.0
5ec310cde88df1155e32bba6,8,3,0.0,4.440892098500626e-16,3.8,3.7999999999999994,-4.440892098500626e-16
5ee637a18976fc391312fe01,8,3,0.0,0.0,5.0,5.0,0.0
5ef7783026861249d8eb58ef,8,3,0.0,0.0,4.0,4.0,0.0
5f0219dce0d2de3a5179d1aa,8,3,0.0,0.0,4.0,4.0,0.0
5f1833a16e55c522eeaf4dbe,8,3,0.0,4.440892098500626e-16,3.6,3.5999999999999996,-4.440892098500626e-16
5fbf90f025a567296d943c7e,8,3,0.0,0.0,5.0,5.0,0.0
61166b2cec63d8ea49e36aac,8,3,0.0,0.0,4.2,4.2,0.0
61364d250433ee40764f71b4,8,3,0.0,0.0,5.0,5.0,0.0
62a1d848cc2237ff6738870f,8,3,0.0,0.0,4.6,4.6,0.0
62e3f7b224ec70641fd86b7b,8,3,0.0,0.0,4.6,4.6,0.0
62eae330e31dcc26183e2987,8,3,0.0,0.0,4.8,4.8,0.0
637f7d10665738cfea163256,8,3,0.0,0.0,4.6,4.6,0.0
63cfee94707bca4ddee3eb05,8,3,0.0,0.0,4.8,4.8,0.0
63e632b888bcbe9376df4f62,8,3,0.0,0.0,4.2,4.2,0.0
64491afdfd7c9850dbe34166,8,3,0.0,0.0,5.0,5.0,0.0
65537e14439274fe5036b4d2,8,3,0.0,0.0,4.8,4.8,0.0
65a3ec0d50e146d8bd324e1f,8,3,0.0,0.0,5.0,5.0,0.0
660ea65b18972d0e6a14a896,8,3,0.0,0.0,4.2,4.2,0.0
6666ddd2507ac4efb0d2cea4,8,3,0.0,0.0,4.8,4.8,0.0
666c50576894ee3e6696af53,8,3,0.0,0.0,5.0,5.0,0.0
669f909eb78432a16a7067c5,8,3,0.0,0.0,5.0,5.0,0.0
66b507cc1a7e164991afbe17,8,3,0.0,0.0,4.6,4.6,0.0
66be7c2b8e62080ff8341d96,8,3,0.0,0.0,5.0,5.0,0.0
66d042517a5a2a2868f1a2a0,8,3,0.0,0.0,3.6,3.6,0.0
66e945a887e2c3adf5b0ce0e,8,3,0.0,0.0,3.4,3.4,0.0
6712c4178dc857f9a720852b,8,3,0.0,0.0,5.0,5.0,0.0
67139698ab79b82f8afd1e93,8,3,0.0,0.0,5.0,5.0,0.0
67389edcd0ce05cea7aec26e,8,3,0.0,4.440892098500626e-16,3.8,3.7999999999999994,-4.440892098500626e-16
673a894b553d8c3fb9061274,8,3,0.0,0.0,4.6,4.6,0.0
6773edcbb205d22a2e097948,8,3,0.0,0.0,5.0,5.0,0.0
6776c9f7191e7c5b39c1db89,8,3,0.0,0.0,5.0,5.0,0.0
6778488c18ed28950c7012ae,8,3,0.0,0.0,5.0,5.0,0.0
67806a2cfa790bea4d4dc92d,8,3,0.0,0.0,4.0,4.0,0.0
67d43f5c7253c147df75e9e5,8,3,0.0,0.0,4.4,4.4,0.0
59fa3f3705d1d60001f149da,8,3,0.1,0.13333333333333286,3.6,3.733333333333333,0.13333333333333286
5c82cc7d1a68de0016d651d3,8,3,0.1,0.06666666666666687,3.6,3.533333333333333,-0.06666666666666687
5c93b062c9d93b0015fcbc02,8,3,0.1,0.1333333333333333,3.2,3.3333333333333335,0.1333333333333333
5dee651e58776a51569d31f3,8,3,0.1,0.06666666666666643,3.6,3.6666666666666665,0.06666666666666643
5ea5856f110e69000a0f7509,8,3,0.1,0.06666666666666643,3.6,3.6666666666666665,0.06666666666666643
5f16dc8d4d2df4000a6a4fd9,8,3,0.1,0.06666666666666687,3.8,3.733333333333333,-0.06666666666666687
612288fe5afea1bf6b8a197e,8,3,0.1,0.06666666666666643,4.8,4.866666666666666,0.06666666666666643
616829767ddec9e42886501d,8,3,0.1,0.06666666666666687,3.8,3.733333333333333,-0.06666666666666687
62b5d90d09660072824f68cf,8,3,0.1,0.13333333333333286,4.6,4.466666666666667,-0.13333333333333286
62c5d0cfdf443d24e054d302,8,3,0.1,0.13333333333333375,4.8,4.933333333333334,0.13333333333333375
63e61d24e1c77b4b584e879f,8,3,0.1,0.06666666666666643,4.2,4.133333333333334,-0.06666666666666643
665c955224ed3dc01981b68d,8,3,0.1,0.06666666666666643,4.6,4.533333333333333,-0.06666666666666643
666af621e0cefa7dc393bbc5,8,3,0.1,0.06666666666666643,4.0,4.066666666666666,0.06666666666666643
66880aa3c99718a3058f0dda,8,3,0.1,0.13333333333333286,3.6,3.733333333333333,0.13333333333333286
66acd6fce13998efa02007a6,8,3,0.1,0.13333333333333375,4.0,4.133333333333334,0.13333333333333375
66b732e2824f3862c1739187,8,3,0.1,0.06666666666666643,3.6,3.6666666666666665,0.06666666666666643
673f89521043f3a67a17c462,8,3,0.1,0.13333333333333286,3.0,3.133333333333333,0.13333333333333286
6762a1453b3bc252b8ea3bb8,8,3,0.1,0.06666666666666643,3.6,3.6666666666666665,0.06666666666666643
67694ed279dcc7886422c247,8,3,0.1,0.06666666666666687,3.2,3.1333333333333333,-0.06666666666666687
676ee220831d3b6ca447a2b4,8,3,0.1,0.06666666666666643,4.0,4.066666666666666,0.06666666666666643
67d7598ad9aacf9073ca130d,8,3,0.1,0.06666666666666643,4.0,4.066666666666666,0.06666666666666643
5b490405bc06c90001f8d6a5,8,3,0.2,0.1999999999999993,4.4,4.6,0.1999999999999993
5e89ec793c01b3685a00bb12,8,3,0.2,0.1999999999999993,4.4,4.6,0.1999999999999993
5eab170759f5390b776df5a1,8,3,0.2,0.20000000000000018,3.8,4.0,0.20000000000000018
5eceb8411480c30fb89c7c54,8,3,0.2,0.1999999999999993,4.4,4.6,0.1999999999999993
62b44b9958864d679bdb2c20,8,3,0.2,0.20000000000000018,3.4,3.1999999999999997,-0.20000000000000018
62fbe4c86d484357b6adbc36,8,3,0.2,0.1999999999999993,4.2,4.3999999999999995,0.1999999999999993
66951ebc9808bc1646dff6d9,8,3,0.2,0.20000000000000018,4.0,4.2,0.20000000000000018
5d20b0157e17470001e1c635,8,3,0.30000000000000004,0.26666666666666705,4.0,3.733333333333333,-0.26666666666666705
55ac3198fdf99b6de3b68b23,5,3,0.1,0.1333333333333333,1.8,1.6666666666666667,-0.1333333333333333
56896433d3d6a7000ca23d94,5,3,0.1,0.06666666666666643,1.2,1.1333333333333335,-0.06666666666666643
5953668fb2e8430001ea478f,5,3,0.1,0.1333333333333333,1.2,1.0666666666666667,-0.1333333333333333
5980f157413c230001291b22,5,3,0.1,0.06666666666666687,1.6,1.5333333333333332,-0.06666666666666687
5ac7e8331667e40001d8826d,5,3,0.1,0.13333333333333353,2.0,1.8666666666666665,-0.13333333333333353
5b70d5cf48302c0001ba0771,5,3,0.1,0.13333333333333375,3.2,3.0666666666666664,-0.13333333333333375
5bd249d45c90120001d1043f,5,3,0.1,0.06666666666666687,2.6,2.533333333333333,-0.06666666666666687
5e15d85bd62abeba42692ed3,5,3,0.1,0.1333333333333333,1.2,1.0666666666666667,-0.1333333333333333
5e9fd8c26fae5918240e617e,5,3,0.1,0.1333333333333333,3.0,2.8666666666666667,-0.1333333333333333
5ea159434ac916016387488e,5,3,0.1,0.06666666666666643,3.0,2.9333333333333336,-0.06666666666666643
602ff7a159d28fdae8d5db62,5,3,0.1,0.06666666666666665,1.8,1.7333333333333334,-0.06666666666666665
61096ec7e47204510ccb187b,5,3,0.1,0.1333333333333333,1.8,1.6666666666666667,-0.1333333333333333
62360942dc55d9a6806237c7,5,3,0.1,0.13333333333333375,3.2,3.0666666666666664,-0.13333333333333375
636cc5fa559ec4d93e272972,5,3,0.1,0.06666666666666643,2.4,2.3333333333333335,-0.06666666666666643
645bd48e67d52bbdcad03398,5,3,0.1,0.1333333333333333,1.6,1.4666666666666668,-0.1333333333333333
65230ecce6b5748e6df764fa,5,3,0.1,0.06666666666666687,1.6,1.5333333333333332,-0.06666666666666687
655b66f97ef4b1811f342e8b,5,3,0.1,0.1333333333333333,3.0,2.8666666666666667,-0.1333333333333333
6571fd9d691befe21fa61d18,5,3,0.1,0.1333333333333333,1.2,1.0666666666666667,-0.1333333333333333
66095fb7acab208107666940,5,3,0.1,0.06666666666666665,2.0,1.9333333333333333,-0.06666666666666665
667be3b3495a08369501bcbb,5,3,0.1,0.1333333333333333,3.0,2.8666666666666667,-0.1333333333333333
66854d3cdf2b51b07603129f,5,3,0.1,0.1333333333333333,2.8,2.6666666666666665,-0.1333333333333333
66a4f444bf2aa08e4e735916,5,3,0.1,0.1333333333333333,1.2,1.0666666666666667,-0.1333333333333333
66e42249ff3f1be588b9bf04,5,3,0.1,0.1333333333333333,3.0,2.8666666666666667,-0.1333333333333333
671c060104c301eb142661a4,5,3,0.1,0.1333333333333333,1.2,1.0666666666666667,-0.1333333333333333
673c6b25770ca42d0a44973d,5,3,0.1,0.1333333333333333,1.8,1.6666666666666667,-0.1333333333333333
6767202a0793489cda4738d2,5,3,0.1,0.06666666666666665,2.0,1.9333333333333333,-0.06666666666666665
6772635d620fb499e8d268e6,5,3,0.1,0.1333333333333333,1.2,1.0666666666666667,-0.1333333333333333
5693f7d3e0c800000b59669f,5,3,0.5,0.46666666666666634,2.8,2.3333333333333335,-0.46666666666666634
59a9c0291b7a550001d6392e,5,3,0.5,0.4666666666666668,3.0,2.533333333333333,-0.4666666666666668
5c5346b553fba80001bc9662,5,3,0.5,0.5333333333333332,2.6,2.066666666666667,-0.5333333333333332
5c762ce8eda5da001662be0b,5,3,0.5,0.46666666666666634,3.4,2.9333333333333336,-0.46666666666666634
60455b1578f6f36a3e8ea81c,5,3,0.5,0.4666666666666668,2.0,1.5333333333333332,-0.4666666666666668
60fb51c7493e3f8a4c82833b,5,3,0.5,0.4666666666666668,3.0,2.533333333333333,-0.4666666666666668
669784d7b9b01c76a1131cb9,5,3,0.5,0.46666666666666634,2.8,2.3333333333333335,-0.46666666666666634
58fa36995214e3000193281c,5,3,0.30000000000000004,0.26666666666666616,2.8,2.5333333333333337,-0.26666666666666616
595f88cc135b5e0001928a9c,5,3,0.30000000000000004,0.26666666666666705,3.0,2.733333333333333,-0.26666666666666705
5bcf6b423a99c40001542fa1,5,3,0.30000000000000004,0.2666666666666666,2.0,1.7333333333333334,-0.2666666666666666
5c83b0408c0d0100175902f7,5,3,0.30000000000000004,0.26666666666666683,1.8,1.5333333333333332,-0.26666666666666683
5d3c480f2dc7f70001f00c87,5,3,0.30000000000000004,0.26666666666666683,1.6,1.3333333333333333,-0.26666666666666683
5dc018fc2e1bfa4504eb4ce5,5,3,0.30000000000000004,0.26666666666666683,1.6,1.3333333333333333,-0.26666666666666683
5e650e7afc8a902839459455,5,3,0.30000000000000004,0.26666666666666683,1.6,1.3333333333333333,-0.26666666666666683
5ea55df76205ad53a793bc01,5,3,0.30000000000000004,0.2666666666666666,3.4,3.1333333333333333,-0.2666666666666666
5efec43017f2363e1bf47368,5,3,0.30000000000000004,0.2666666666666666,2.6,2.3333333333333335,-0.2666666666666666
601171f52ffe110619bc0d93,5,3,0.30000000000000004,0.26666666666666683,1.8,1.5333333333333332,-0.26666666666666683
62da6a553aaca6fffb50307f,5,3,0.30000000000000004,0.33333333333333326,2.0,1.6666666666666667,-0.33333333333333326
634e6b9eb99a113db661de55,5,3,0.30000000000000004,0.26666666666666705,3.0,2.733333333333333,-0.26666666666666705
63874f631a1cdae0188d4e7a,5,3,0.30000000000000004,0.26666666666666705,3.0,2.733333333333333,-0.26666666666666705
63ed0392b8b24c34aaf26310,5,3,0.30000000000000004,0.2666666666666666,2.8,2.533333333333333,-0.2666666666666666
649d86ddd157cceeebeea50b,5,3,0.30000000000000004,0.2666666666666666,2.2,1.9333333333333336,-0.2666666666666666
66cc6eb364154a51d4d44eb1,5,3,0.30000000000000004,0.26666666666666705,3.0,2.733333333333333,-0.26666666666666705
671de38b70419e476bff2e09,5,3,0.30000000000000004,0.3333333333333335,3.0,2.6666666666666665,-0.3333333333333335
672789bc7b3816f4f1a42e43,5,3,0.30000000000000004,0.33333333333333326,2.2,1.866666666666667,-0.33333333333333326
67d0647157996203f3da1743,5,3,0.30000000000000004,0.3333333333333335,3.0,2.6666666666666665,-0.3333333333333335
5977369c435a7500011593ee,5,3,0.2,0.1999999999999993,3.4,3.2000000000000006,-0.1999999999999993
5b4a3ab1bc06c90001f902f4,5,3,0.2,0.19999999999999973,3.0,2.8000000000000003,-0.19999999999999973
5d352f8bb02857001963539a,5,3,0.2,0.19999999999999973,2.8,2.6,-0.19999999999999973
5e9adc3d7848b717401fb4c2,5,3,0.2,0.20000000000000018,3.2,3.0,-0.20000000000000018
64e61891542003e1b394bad3,5,3,0.2,0.20000000000000018,2.4,2.1999999999999997,-0.20000000000000018
665f117be1c0d33d87759252,5,3,0.2,0.19999999999999973,1.8,1.6000000000000003,-0.19999999999999973
6759980d797dbe50150130e0,5,3,0.2,0.20000000000000018,2.2,2.0,-0.20000000000000018
67d411652ada0a7584b2558e,5,3,0.2,0.20000000000000018,2.4,2.1999999999999997,-0.20000000000000018
5ba641d1168e5e0001e4275d,5,3,0.0,0.0,3.0,3.0,0.0
5e84629868b86400086cce3e,5,3,0.0,0.0,2.0,2.0,0.0
60b9f19d122c7adf0c37899c,5,3,0.0,0.0,2.2,2.2,0.0
62c9ce5bf415b3ff7b5a3c87,5,3,0.0,0.0,1.0,1.0,0.0
668da0990a6c6bc676b3d827,5,3,0.0,0.0,2.0,2.0,0.0
66dd8fd2905d609d29ccf008,5,3,0.0,0.0,3.0,3.0,0.0
6727964977929019f6ff8a5d,5,3,0.0,0.0,3.0,3.0,0.0
5ee33fb13c5362000a292c42,5,3,0.4,0.40000000000000013,1.6,1.2,-0.40000000000000013
62d59ea45bc8c9a1917fff5c,5,3,0.4,0.40000000000000036,2.6,2.1999999999999997,-0.40000000000000036
637545d6428d85daeedc3df5,5,3,0.4,0.40000000000000013,1.6,1.2,-0.40000000000000013
66549ec8602668f8621b79bf,5,3,0.4,0.40000000000000013,1.6,1.2,-0.40000000000000013
668dc7b684452eaca13eb60d,5,3,0.4,0.3999999999999999,2.4,2.0,-0.3999999999999999
66faa830ac165a79e559da2a,5,3,0.4,0.40000000000000036,2.6,2.1999999999999997,-0.40000000000000036
603ceb8f82d6b0a88e6cb99a,5,3,0.7000000000000001,0.666666666666667,3.4,2.733333333333333,-0.666666666666667
6663f3b2bc244a2d789b70a3,5,3,0.7000000000000001,0.7333333333333334,2.2,1.4666666666666668,-0.7333333333333334
644fdc8d0d748ff99020fcae,5,3,0.6000000000000001,0.5999999999999996,3.4,2.8000000000000003,-0.5999999999999996
55cdc77f34e90600128d237f,3,1,0.2,0.20000000000000018,4.0,3.8,-0.20000000000000018
56a7da16c89737000b22953c,3,1,0.2,0.19999999999999973,2.6,2.8,0.19999999999999973
5797bc9aad1a6c000146818c,3,1,0.2,0.20000000000000018,3.0,2.8,-0.20000000000000018
590a361371adfd000150e4c2,3,1,0.2,0.20000000000000018,3.0,3.2,0.20000000000000018
59aee22a7f6c84000151bd99,3,1,0.2,0.19999999999999973,2.8,2.6,-0.19999999999999973
59ff8226ab721b0001ef6e61,3,1,0.2,0.20000000000000018,4.0,4.2,0.20000000000000018
5ad4a1eb754a0d0001622e5e,3,1,0.2,0.1999999999999993,4.4,4.6,0.1999999999999993
5bb756696322c5000159756c,3,1,0.2,0.20000000000000018,2.6,2.4,-0.20000000000000018
5c0430c71a20110001e9b05a,3,1,0.2,0.19999999999999973,2.8,2.6,-0.19999999999999973
5c35fd4c7ab36100015c096e,3,1,0.2,0.19999999999999973,3.8,3.6,-0.19999999999999973
5c4f5967aac8be0001716a65,3,1,0.2,0.19999999999999973,2.6,2.8,0.19999999999999973
5c922ee24faf8b00014ca145,3,1,0.2,0.20000000000000018,4.0,4.2,0.20000000000000018
5d34862748bf98000146b64f,3,1,0.2,0.20000000000000018,4.0,4.2,0.20000000000000018
5dee11c6d35cc34acae7c301,3,1,0.2,0.19999999999999973,2.4,2.2,-0.19999999999999973
5e203085ac30fa331b586690,3,1,0.2,0.19999999999999973,2.8,2.6,-0.19999999999999973
5ebd31a3dc638f1875840598,3,1,0.2,0.20000000000000018,4.0,3.8,-0.20000000000000018
5edfeebaecf5a0318788d731,3,1,0.2,0.20000000000000018,2.2,2.0,-0.20000000000000018
5f3fbbb2edd4d20456a952a4,3,1,0.2,0.19999999999999973,3.2,3.4,0.19999999999999973
5f5de7ba9a3ef664001fe837,3,1,0.2,0.19999999999999973,2.8,2.6,-0.19999999999999973
5fcfc1cf5aaa211308f4a1d2,3,1,0.2,0.20000000000000018,4.0,3.8,-0.20000000000000018
5ff454f2f0b5ed607169fba6,3,1,0.2,0.20000000000000018,3.6,3.4,-0.20000000000000018
5ffe0751a3b25844a41e8d1d,3,1,0.2,0.19999999999999973,2.8,2.6,-0.19999999999999973
60550a71aee87e2f54a9062a,3,1,0.2,0.19999999999999973,3.6,3.8,0.19999999999999973
60819ba1a8862e33495f8914,3,1,0.2,0.20000000000000018,4.0,3.8,-0.20000000000000018
60fe888379a6bd46ef417f07,3,1,0.2,0.20000000000000018,3.4,3.6,0.20000000000000018
6128279b17af1258eba39ada,3,1,0.2,0.20000000000000018,4.0,4.2,0.20000000000000018
61505373bc903980a66ab1e1,3,1,0.2,0.20000000000000018,2.6,2.4,-0.20000000000000018
62682277645054f5802459b8,3,1,0.2,0.20000000000000018,4.0,3.8,-0.20000000000000018
62cbf0028db66fbb9a89e1ca,3,1,0.2,0.19999999999999973,2.6,2.8,0.19999999999999973
63a0ba2b090476e91839f62e,3,1,0.2,0.19999999999999973,3.2,3.4,0.19999999999999973
63dab24ece887158c2adb6d7,3,1,0.2,0.19999999999999973,3.6,3.8,0.19999999999999973
646b8ccb7cf1ebd3ca8fdc86,3,1,0.2,0.19999999999999996,2.0,1.8,-0.19999999999999996
654a44f0addb5f41f1705b75,3,1,0.2,0.19999999999999973,3.6,3.8,0.19999999999999973
657867e466a237b839df006a,3,1,0.2,0.20000000000000018,3.0,3.2,0.20000000000000018
65e1e16d9f7eaa10f3454025,3,1,0.2,0.20000000000000018,3.4,3.6,0.20000000000000018
6658c1554c1d2a4e2d02e301,3,1,0.2,0.20000000000000018,4.0,3.8,-0.20000000000000018
66592f0d8f1ee667f42658da,3,1,0.2,0.20000000000000018,4.0,4.2,0.20000000000000018
66635a51d2ef2f39abd09b67,3,1,0.2,0.19999999999999973,2.4,2.2,-0.19999999999999973
66956ab371a84d32198ee4f1,3,1,0.2,0.19999999999999973,3.8,3.6,-0.19999999999999973
66ba0c9b81da2bf8b7d87021,3,1,0.2,0.20000000000000018,3.6,3.4,-0.20000000000000018
66e15d008ece1ef41a717f60,3,1,0.2,0.20000000000000018,4.0,3.8,-0.20000000000000018
66f69dcc061074dacb886b52,3,1,0.2,0.20000000000000018,4.0,4.2,0.20000000000000018
673261aea87e76010a5c969a,3,1,0.2,0.19999999999999973,2.2,2.4,0.19999999999999973
67606907592129a2cc3743df,3,1,0.2,0.19999999999999973,3.6,3.8,0.19999999999999973
6773ddcd48e01d9519ede71e,3,1,0.2,0.19999999999999973,2.6,2.8,0.19999999999999973
67d80b3db0cac8b1bd982fb2,3,1,0.2,0.20000000000000018,4.2,4.4,0.20000000000000018
6941ba7773700f50256ddafe,3,1,0.2,0.19999999999999973,2.4,2.2,-0.19999999999999973
695c0670de1faedbce882831,3,1,0.2,0.20000000000000018,3.2,3.0,-0.20000000000000018
5a62653a63394a000155489f,3,1,0.0,0.0,4.0,4.0,0.0
5c4afb7234ee9300011cbbfc,3,1,0.0,0.0,3.2,3.2,0.0
5c50efd2cc71f4000125ce0d,3,1,0.0,0.0,3.2,3.2,0.0
5c5898e49fcbc40001dcbc42,3,1,0.0,0.0,2.8,2.8,0.0
5d06743eac143b000118ce79,3,1,0.0,0.0,3.8,3.8,0.0
5d358df3f7b9c100015af0d0,3,1,0.0,0.0,3.2,3.2,0.0
5debbccc6ce4012b64c26e30,3,1,0.0,0.0,2.2,2.2,0.0
5e8605568be6ea1ffc220617,3,1,0.0,0.0,3.0,3.0,0.0
5eefd6b37da4d24c8af3bcbc,3,1,0.0,0.0,2.2,2.2,0.0
6060a66b5038da4bed166eed,3,1,0.0,0.0,3.4,3.4,0.0
6062d142077e1d0ec0c9361a,3,1,0.0,0.0,3.8,3.8,0.0
629f470832dba055c9d39800,3,1,0.0,0.0,3.2,3.2,0.0
6357a92c14a05d21ebdd897f,3,1,0.0,0.0,4.2,4.2,0.0
63d7a100223f6750c377fbe2,3,1,0.0,0.0,3.4,3.4,0.0
6400f15656e61ed1e8ff94f3,3,1,0.0,0.0,2.8,2.8,0.0
65a3f40245bd7a121b03eb92,3,1,0.0,0.0,4.2,4.2,0.0
665ee0800a4d97ea0026ff34,3,1,0.0,0.0,3.6,3.6,0.0
6672fb66728df1edb72c1568,3,1,0.0,0.0,4.0,4.0,0.0
6683f9cded466c62ba631d9e,3,1,0.0,0.0,3.2,3.2,0.0
66bbafb05de7e549455aa4ff,3,1,0.0,0.0,3.6,3.6,0.0
66bc9847760de03da07d1f28,3,1,0.0,0.0,3.8,3.8,0.0
67229e0529249d25d00b1a87,3,1,0.0,0.0,3.4,3.4,0.0
676578e9b3ad38588f8808ba,3,1,0.0,0.0,4.2,4.2,0.0
67767af0e39b54a2105dab92,3,1,0.0,0.0,4.2,4.2,0.0
6783ebc2e89b75d66d952f41,3,1,0.0,0.0,4.0,4.0,0.0
68a71385ae89bd94c033c193,3,1,0.0,0.0,3.0,3.0,0.0
695c14003bd073492e8f0f3b,3,1,0.0,0.0,3.2,3.2,0.0
6618ff44aa0da9b39d6beda2,3,1,0.4,0.3999999999999999,2.6,3.0,0.3999999999999999
6659f66a90c067aa84c591c0,3,1,0.4,0.3999999999999999,3.4,3.0,-0.3999999999999999
56b10faa6399f90011da710d,1,1,0.0,0.0,1.6,1.6,0.0
571b728d5d40840011c3d9df,1,1,0.0,0.0,3.0,3.0,0.0
59775e3831c84f0001d977b7,1,1,0.0,0.0,1.8,1.8,0.0
59d4fb316cc82800013e32d3,1,1,0.0,0.0,3.0,3.0,0.0
5a86e1a4eea3d300016e7981,1,1,0.0,0.0,3.0,3.0,0.0
5abbe13268b65b00018cf94b,1,1,0.0,0.0,1.2,1.2,0.0
5b17642244127b00013f7f65,1,1,0.0,0.0,2.8,2.8,0.0
5b5729fda56d6800013b189a,1,1,0.0,0.0,3.0,3.0,0.0
5bd1f39314315c0001cf917a,1,1,0.0,0.0,2.4,2.4,0.0
5cf6ee10d5478e0001da72bd,1,1,0.0,0.0,3.0,3.0,0.0
5d7fea714477a000012cc297,1,1,0.0,0.0,2.8,2.8,0.0
5daa50967776b10016e1bc9b,1,1,0.0,0.0,1.0,1.0,0.0
5dbd9553e8be992d7ca6963e,1,1,0.0,0.0,1.6,1.6,0.0
5e31a3142c324c17ab9061d5,1,1,0.0,0.0,2.0,2.0,0.0
5eeb2b8a36774c27657f227c,1,1,0.0,0.0,3.0,3.0,0.0
5f8aa207fb62d0000838847c,1,1,0.0,0.0,2.6,2.6,0.0
6053e01a6a8e8516ba7d47a7,1,1,0.0,0.0,3.0,3.0,0.0
613a4c8c7e9c6c51894b82a6,1,1,0.0,0.0,2.8,2.8,0.0
63690a2fac1145493528cb9f,1,1,0.0,0.0,1.4,1.4,0.0
63d3f9a8fa6a2910dcb0d37f,1,1,0.0,0.0,2.8,2.8,0.0
6598124cb009a156ae665edf,1,1,0.0,0.0,1.0,1.0,0.0
6658c5cc20f33b713aa2592d,1,1,0.0,0.0,2.0,2.0,0.0
6658d105095fc1ce71c51d57,1,1,0.0,0.0,3.0,3.0,0.0
6659c64e90a02f94c92e944d,1,1,0.0,0.0,2.0,2.0,0.0
665b2789a73e2b0adcf613f2,1,1,0.0,0.0,1.0,1.0,0.0
66636514bc4749ad83a2adc8,1,1,0.0,0.0,3.0,3.0,0.0
6668621f3facbbc4d81945ce,1,1,0.0,0.0,2.8,2.8,0.0
66757a272d91a2571991681e,1,1,0.0,0.0,1.8,1.8,0.0
66758256541e113829257ffa,1,1,0.0,0.0,1.8,1.8,0.0
671cdd2146a2a9d3d0535132,1,1,0.0,0.0,1.6,1.6,0.0
672c7b4a1c2fb5ff8e15208c,1,1,0.0,0.0,1.6,1.6,0.0
6761e75cf22f2b17fc157335,1,1,0.0,0.0,2.2,2.2,0.0
6764260cc5b6436f25820b52,1,1,0.0,0.0,1.8,1.8,0.0
676ed6c97f59dba5a786886d,1,1,0.0,0.0,2.2,2.2,0.0
67769375527d252db09e7d60,1,1,0.0,0.0,3.0,3.0,0.0
678648597ddd64b98d713c29,1,1,0.0,0.0,2.2,2.2,0.0
67e19f44ba489abd4e850452,1,1,0.0,0.0,2.2,2.2,0.0
682ce21b165a9eceeaa944c1,1,1,0.0,0.0,2.2,2.2,0.0
6966854ae95cd15a3586a8f5,1,1,0.0,0.0,3.4,3.4,0.0
696c14c4c7de2d012b0911cb,1,1,0.0,0.0,3.0,3.0,0.0
58f669cefb4d7500014af69b,1,1,0.6000000000000001,0.6000000000000001,2.2,1.6,-0.6000000000000001
5ce5a99c0af4f10015c5b6cf,1,1,0.6000000000000001,0.6000000000000001,1.6,1.0,-0.6000000000000001
5e5521580ee1b951df544c3c,1,1,0.6000000000000001,0.6000000000000001,1.6,1.0,-0.6000000000000001
5ecd1e4a26acf103a40f773e,1,1,0.6000000000000001,0.6000000000000001,2.2,1.6,-0.6000000000000001
64649341d6cf5354575444d1,1,1,0.6000000000000001,0.6000000000000001,2.2,1.6,-0.6000000000000001
66c9eba46041cd32e6018e7a,1,1,0.6000000000000001,0.6000000000000001,3.4,2.8,-0.6000000000000001
67529d0aecb73bfe140d521f,1,1,0.6000000000000001,0.6000000000000001,2.6,2.0,-0.6000000000000001
597c6cdf21db3a0001418541,1,1,0.2,0.20000000000000018,1.6,1.4,-0.20000000000000018
5a840fcfb093f80001a7cf78,1,1,0.2,0.19999999999999996,1.2,1.0,-0.19999999999999996
5a9fa90f873cda00010d29d8,1,1,0.2,0.19999999999999996,1.2,1.0,-0.19999999999999996
5cfbef1b50597d0001e8f11e,1,1,0.2,0.20000000000000018,3.0,2.8,-0.20000000000000018
5e31a1526ef37a1879a94441,1,1,0.2,0.20000000000000018,3.2,3.0,-0.20000000000000018
5e4d6ef119281d06266ebf0e,1,1,0.2,0.19999999999999996,1.2,1.0,-0.19999999999999996
5e9edad6e7784d016ed87b36,1,1,0.2,0.20000000000000018,3.0,2.8,-0.20000000000000018
602267734fb769351a2b1a2e,1,1,0.2,0.19999999999999996,1.8,1.6,-0.19999999999999996
60a6e4db0fb2c1d91fc00724,1,1,0.2,0.19999999999999996,2.0,1.8,-0.19999999999999996
613e495d5991ed54f860fe9d,1,1,0.2,0.19999999999999996,1.2,1.0,-0.19999999999999996
62fb7acaf60ed51dd71d3bfb,1,1,0.2,0.19999999999999973,2.8,2.6,-0.19999999999999973
65c8d70512b2fc050e53d0d1,1,1,0.2,0.20000000000000018,3.2,3.0,-0.20000000000000018
660fcde0a183b2386a4d3e7d,1,1,0.2,0.19999999999999996,2.0,1.8,-0.19999999999999996
6659cb22b8e889fe11ae56d2,1,1,0.2,0.20000000000000018,3.2,3.0,-0.20000000000000018
667fc0c5cec9f3e6bdb26f00,1,1,0.2,0.20000000000000018,3.0,2.8,-0.20000000000000018
66fd75a114eba53c2f24a190,1,1,0.2,0.19999999999999973,2.4,2.2,-0.19999999999999973
67269f439696d166fbb74e09,1,1,0.2,0.19999999999999996,1.8,1.6,-0.19999999999999996
5e7ca836a60b642ec70880b1,1,1,0.4,0.40000000000000013,1.6,1.2,-0.40000000000000013
60a6b2ed58d0aaed52f1dcf4,1,1,0.4,0.3999999999999999,2.0,1.6,-0.3999999999999999
648e232d745bbd107013f629,1,1,0.4,0.3999999999999999,3.4,3.0,-0.3999999999999999
6658b831ee74fc67e629e041,1,1,0.4,0.40000000000000013,1.6,1.2,-0.40000000000000013
6695278758244f9d6186746e,1,1,0.4,0.3999999999999999,1.4,1.0,-0.3999999999999999
6717a695635ae7f7518a1ad4,1,1,0.4,0.3999999999999999,2.0,1.6,-0.3999999999999999
671d3690dc5df6d004cfb65e,1,1,0.4,0.3999999999999999,2.0,1.6,-0.3999999999999999
5f6c69c8ef3322000b04fc6a,1,1,1.0,1.0,2.6,1.6,-1.0
669a80310e64395f4edd70b6,1,1,1.0,1.0000000000000002,2.2,1.2,-1.0000000000000002
5f80543319860b04b3679bcc,1,1,0.8,0.8,2.0,1.2,-0.8
63d16bb09fbf6b74afb1a010,1,1,0.8,0.8000000000000003,3.2,2.4,-0.8000000000000003
6413591cc45fb6378c93d0dc,1,1,0.8,0.8,2.0,1.2,-0.8
676ada80fe4f612146e3c8b3,1,1,1.2000000000000002,1.2000000000000002,3.2,2.0,-1.2000000000000002
571b37aa5d40840011c3a04d,2,1,0.1,0.10000000000000009,2.3,2.4,0.10000000000000009
574c1f935bef980010b0a080,2,1,0.1,0.10000000000000009,3.3,3.4,0.10000000000000009
5b0a869f1e55760001b93fa3,2,1,0.1,0.10000000000000009,1.7,1.8,0.10000000000000009
5b4b679dff74970001256d36,2,1,0.1,0.10000000000000009,3.5,3.4,-0.10000000000000009
5bad656fb4bc6e0001c1709e,2,1,0.1,0.10000000000000009,2.5,2.6,0.10000000000000009
5bb5ddb068558a000125ab50,2,1,0.1,0.10000000000000009,3.5,3.6,0.10000000000000009
5c18d9a3efc84e0001fe4aee,2,1,0.1,0.10000000000000009,3.5,3.4,-0.10000000000000009
5c3cc9b5ba6fab0001c50952,2,1,0.1,0.10000000000000009,3.5,3.4,-0.10000000000000009
5c60501d767686000100150c,2,1,0.1,0.10000000000000009,3.1,3.0,-0.10000000000000009
5e84edae53c6f80a42d74120,2,1,0.1,0.10000000000000009,2.1,2.0,-0.10000000000000009
5e9027110aacc7320bd9a84b,2,1,0.1,0.10000000000000009,1.7,1.8,0.10000000000000009
5ee53385acfd3415744ceae7,2,1,0.1,0.10000000000000009,2.7,2.6,-0.10000000000000009
5efe25a46e799912a9e250c3,2,1,0.1,0.09999999999999964,2.3,2.2,-0.09999999999999964
5f01ce19f3984631df5348e4,2,1,0.1,0.10000000000000009,3.1,3.2,0.10000000000000009
5f0766baa1aa2f12767758cd,2,1,0.1,0.09999999999999987,1.9,1.8,-0.09999999999999987
5f39a2fd2d394917284dd66f,2,1,0.1,0.10000000000000009,2.9,3.0,0.10000000000000009
5f428e5cea3135095f68b561,2,1,0.1,0.10000000000000009,3.5,3.4,-0.10000000000000009
5f58c306ee03f104eb88bae3,2,1,0.1,0.10000000000000009,1.9,2.0,0.10000000000000009
5fb6a1222d290f0a260c08e3,2,1,0.1,0.10000000000000009,3.5,3.6,0.10000000000000009
606b2abba471886de1727491,2,1,0.1,0.10000000000000009,2.7,2.6,-0.10000000000000009
60b3950b9a1de417d37bb8d2,2,1,0.1,0.10000000000000009,3.1,3.0,-0.10000000000000009
60cdfbb9a511a64dd42feb36,2,1,0.1,0.10000000000000009,2.5,2.6,0.10000000000000009
60ce6af707bcd42cbc885210,2,1,0.1,0.10000000000000009,3.5,3.4,-0.10000000000000009
60d88215cb2f2655d0e4c663,2,1,0.1,0.10000000000000009,3.5,3.4,-0.10000000000000009
612198f856c9f4f2f02f7046,2,1,0.1,0.10000000000000009,3.5,3.4,-0.10000000000000009
612faedae9ff56b775e3cee5,2,1,0.1,0.10000000000000009,2.5,2.6,0.10000000000000009
613dd5fb512aabe8d5d32393,2,1,0.1,0.10000000000000009,2.5,2.4,-0.10000000000000009
629f43da9f4c51d00f73b266,2,1,0.1,0.09999999999999964,3.7,3.8,0.09999999999999964
62b055a21e169809861b173d,2,1,0.1,0.10000000000000009,2.9,3.0,0.10000000000000009
62fb99ba42c48ba113e1e799,2,1,0.1,0.10000000000000009,2.5,2.4,-0.10000000000000009
631745a70c7c585248df1a5d,2,1,0.1,0.10000000000000009,2.5,2.6,0.10000000000000009
63469c570cfe46f801523b66,2,1,0.1,0.10000000000000009,2.7,2.6,-0.10000000000000009
63ebbdbc09e0a1639c7ee6a5,2,1,0.1,0.09999999999999964,2.3,2.2,-0.09999999999999964
63ed50df25d0ea08696b393f,2,1,0.1,0.10000000000000009,2.1,2.2,0.10000000000000009
6412414d0d4f6d18512b7714,2,1,0.1,0.10000000000000009,3.9,4.0,0.10000000000000009
64135c8f96a690f5b4c16dba,2,1,0.1,0.10000000000000009,1.9,2.0,0.10000000000000009
65081e92ed65d2d467efc9c2,2,1,0.1,0.09999999999999964,2.7,2.8,0.09999999999999964
651c1d7524852e9f9d614ce3,2,1,0.1,0.10000000000000009,2.9,3.0,0.10000000000000009
654e37a130d94b47675dcebe,2,1,0.1,0.09999999999999964,3.7,3.8,0.09999999999999964
6560d43fc84f57af66b900f8,2,1,0.1,0.09999999999999964,2.7,2.8,0.09999999999999964
656ef84e4a073dee13124f96,2,1,0.1,0.10000000000000009,3.9,3.8,-0.10000000000000009
659ada02ac94d554396360f9,2,1,0.1,0.10000000000000009,3.5,3.6,0.10000000000000009
65b7d02c9a08f9578ac23ae1,2,1,0.1,0.10000000000000009,3.5,3.4,-0.10000000000000009
65e4a6bdde84e615dcac2651,2,1,0.1,0.10000000000000009,2.5,2.6,0.10000000000000009
663127d07fb81f5532bcfdad,2,1,0.1,0.10000000000000009,3.3,3.4,0.10000000000000009
664a5be05bc29332beb2fced,2,1,0.1,0.09999999999999987,1.9,1.8,-0.09999999999999987
664dad1672f2f70e4aa2a012,2,1,0.1,0.09999999999999964,3.3,3.2,-0.09999999999999964
665c050b07508f6c4f8d01e0,2,1,0.1,0.09999999999999964,3.3,3.2,-0.09999999999999964
665ddf309813ddc0869e8780,2,1,0.1,0.10000000000000009,3.5,3.4,-0.10000000000000009
66742f469fd0def2513ddac2,2,1,0.1,0.10000000000000009,2.5,2.4,-0.10000000000000009
6679f0648b065bdab20a6d7a,2,1,0.1,0.10000000000000009,3.1,3.2,0.10000000000000009
669eba3ad8d7d49177bc50d0,2,1,0.1,0.10000000000000009,3.9,4.0,0.10000000000000009
66b10f84b7369dab5337366c,2,1,0.1,0.10000000000000009,2.7,2.6,-0.10000000000000009
66c33e386baa1ae990d7165d,2,1,0.1,0.10000000000000009,2.5,2.4,-0.10000000000000009
66d052f4b151dee92521d54d,2,1,0.1,0.10000000000000009,2.1,2.2,0.10000000000000009
66de0fe631ea4b3facbc2d37,2,1,0.1,0.10000000000000009,3.9,4.0,0.10000000000000009
66e1961788c0c89fa75ecb42,2,1,0.1,0.10000000000000009,3.5,3.4,-0.10000000000000009
66f99699f2bb894cbd57209f,2,1,0.1,0.10000000000000009,3.1,3.2,0.10000000000000009
66fd62807325f8ff288edb3f,2,1,0.1,0.10000000000000009,3.5,3.4,-0.10000000000000009
670d2513894d1c633eeb11a6,2,1,0.1,0.10000000000000009,2.1,2.2,0.10000000000000009
672946ef8187e4253c5ff800,2,1,0.1,0.10000000000000009,3.5,3.4,-0.10000000000000009
6767ce7abe2d0df1d1ee4edd,2,1,0.1,0.10000000000000009,2.5,2.4,-0.10000000000000009
676ae47a7cae28cecaf838e6,2,1,0.1,0.10000000000000009,3.5,3.4,-0.10000000000000009
677c455afc1062faab5b165e,2,1,0.1,0.10000000000000009,3.1,3.0,-0.10000000000000009
6786682cfe5424ad10237085,2,1,0.1,0.09999999999999964,3.3,3.2,-0.09999999999999964
67cc07bc0e3fd6e0b912d13a,2,1,0.1,0.10000000000000009,2.1,2.0,-0.10000000000000009
59f8b44d07e3780001ccd7b5,2,1,0.30000000000000004,0.2999999999999998,3.5,3.8,0.2999999999999998
5cadbee8470c560001de5739,2,1,0.30000000000000004,0.2999999999999998,2.9,2.6,-0.2999999999999998
60a685775202707aafbc37a9,2,1,0.30000000000000004,0.2999999999999998,2.9,2.6,-0.2999999999999998
6501c0a2e788b5556c24569d,2,1,0.30000000000000004,0.30000000000000027,2.9,3.2,0.30000000000000027
668d34fe01607b469ec4e668,2,1,0.30000000000000004,0.2999999999999998,2.3,2.0,-0.2999999999999998
669b6c2a32c7511c9f84c48f,2,1,0.30000000000000004,0.2999999999999998,2.1,2.4,0.2999999999999998
671a528fe9658f0a32bd55ce,2,1,0.30000000000000004,0.2999999999999998,1.9,1.6,-0.2999999999999998
67334911eb1de6dd02fc126a,2,1,0.30000000000000004,0.30000000000000004,1.7,2.0,0.30000000000000004
67419325f041e92215fbd660,2,1,0.30000000000000004,0.2999999999999998,3.1,3.4,0.2999999999999998
67bece2bd1ba7411d350b5ab,2,1,0.30000000000000004,0.2999999999999998,3.5,3.8,0.2999999999999998
68a5eefd236f1c08d08ffce6,2,1,0.30000000000000004,0.2999999999999998,2.9,2.6,-0.2999999999999998
